{
"score": 10,
"highScore": 20,
"timer": 72,
"gameEnded": true,
"color": {
	"r": 0.8730417,
	"g": 0.42549828,
	"b": 0.655763,
	"a": 1
},
"segments": 31.384285
}