{
"highScore": 31,
"timer": 101,
"gameEnded": true,
"color": {
	"r": 0.65799564,
	"g": 0.2713882,
	"b": 0.28989336,
	"a": 1
},
"segments": 12.1
}