{
"score": 100,
"highScore": 100,
"timer": 98,
"gameEnded": true,
"color": {
	"r": 0.36359844,
	"g": 0.7493081,
	"b": 0.7293119,
	"a": 1
},
"segments": 17.71561
}