{
"score": 100,
"highScore": 102,
"timer": 101,
"gameEnded": true,
"color": {
	"r": 0.63967556,
	"g": 0.53910804,
	"b": 0.556937,
	"a": 1
},
"segments": 17.71561
}