{
"score": 105,
"highScore": 105,
"timer": 99,
"gameEnded": true,
"color": {
	"r": 0.66918254,
	"g": 0.7276865,
	"b": 0.51298624,
	"a": 1
},
"mainColor": {
	"r": 0.5915849,
	"g": 0.6638118,
	"b": 0.39875072,
	"a": 1
},
"segments": 21.435888
}