{
"highScore": 31,
"timer": 101,
"gameEnded": true,
"color": {
	"r": 0.7613322,
	"g": 0.37410152,
	"b": 0.44285744,
	"a": 1
},
"segments": 17.71561
}