{
"score": 3,
"highScore": 31,
"timer": 101,
"gameEnded": true,
"color": {
	"r": 0.4832907,
	"g": 0.5327309,
	"b": 0.45316565,
	"a": 1
},
"segments": 17.71561
}