{
"score": 1,
"highScore": 31,
"timer": 100,
"gameEnded": true,
"color": {
	"r": 0.34367478,
	"g": 0.7068462,
	"b": 0.6699187,
	"a": 1
},
"segments": 13.31
}