{
"score": 100,
"highScore": 102,
"timer": 179,
"gameEnded": true,
"color": {
	"r": 0.45363,
	"g": 0.37323627,
	"b": 0.5297769,
	"a": 1
},
"mainColor": {
	"r": 0.6037815,
	"g": 0.49677745,
	"b": 0.705133,
	"a": 1
},
"segments": 12.1
}