{
"timer": 101,
"gameEnded": true,
"color": {
	"r": 0.6974548,
	"g": 0.2163722,
	"b": 0.5504528,
	"a": 1
},
"mainColor": {
	"r": 0.96098185,
	"g": 0.2981265,
	"b": 0.38059548,
	"a": 1
},
"segments": 17.71561
}